DGAHM_non,DGAHM_mid,DGAHM,EHM,NN_IC
0.0814921773959339,0.10822797271400077,0.08308148755031994,0.08269828939594699,0.19747075429829314
